L_um,L_actual_um,nIntn,nNode,distalNode,distance_mm,meanLatency_ms,sigma_t_ms,sigma_per_mm,nValid,failed_rate
60,60,68,69,55,3.321,0.247315,0.0818686,0.0246518,50,0
70,70,58,59,47,3.289,0.276751,0.0819236,0.0249083,50,0
80,80,51,52,42,3.3415,0.278599,0.104422,0.0312501,50,0
130,130,31,32,26,3.2875,0.371243,0.144322,0.0439003,50,0
